{"AUC": [0.5812903642654419, 0.5838710069656372, 0.7967742085456848, 0.8238710165023804, 0.921935498714447, 0.8658064603805542, 0.9361290335655212, 0.9670968055725098, 0.9625806212425232, 0.9445161819458008, 0.9748387336730957, 0.9916129112243652, 0.9909676909446716, 0.963225781917572, 0.9490322470664978, 0.9883870482444763, 0.9858064651489258, 0.9883871078491211], "accuracy": [0.5714285969734192, 0.6071428656578064, 0.7142857313156128, 0.6785714030265808, 0.8392857313156128, 0.8035714030265808, 0.8035714030265808, 0.8928571343421936, 0.9285714030265808, 0.8571428656578064, 0.9642857313156128, 0.9464285969734192, 0.875, 0.8928571343421936, 0.875, 0.9642857313156128, 0.9642857313156128, 0.9642857313156128], "loss": [0.38245445489883423, 0.37322288751602173, 0.265909880399704, 0.2563515305519104, 0.18809346854686737, 0.22678795456886292, 0.17866554856300354, 0.1457825005054474, 0.12801961600780487, 0.1551360934972763, 0.11824820190668106, 0.09323687851428986, 0.09295477718114853, 0.1385991871356964, 0.14753149449825287, 0.08520808070898056, 0.08958239108324051, 0.0836508646607399], "precision_12": [0.6206896305084229, 0.6666666865348816, 0.7777777910232544, 0.7407407164573669, 0.9230769276618958, 0.8125, 0.8333333134651184, 0.931034505367279, 1.0, 0.8965517282485962, 0.9677419066429138, 0.9375, 0.9615384340286255, 0.9032257795333862, 0.8999999761581421, 0.939393937587738, 0.9677419066429138, 0.939393937587738], "recall_12": [0.5806451439857483, 0.5806451439857483, 0.6774193644523621, 0.6451612710952759, 0.774193525314331, 0.8387096524238586, 0.8064516186714172, 0.8709677457809448, 0.8709677457809448, 0.8387096524238586, 0.9677419066429138, 0.9677419066429138, 0.8064516186714172, 0.9032257795333862, 0.8709677457809448, 1.0, 0.9677419066429138, 1.0], "val_AUC": [0.6256409883499146, 0.7153846025466919, 0.7589743137359619, 0.7999999523162842, 0.8025640845298767, 0.8589743375778198, 0.8666666746139526, 0.8666666746139526, 0.8641025424003601, 0.8923076391220093, 0.9128204584121704, 0.91282057762146, 0.8974359035491943, 0.8923076391220093, 0.8974359035491943, 0.8974359035491943, 0.892307698726654, 0.8999999761581421], "val_accuracy": [0.5714285969734192, 0.6428571343421936, 0.6428571343421936, 0.6785714030265808, 0.7142857313156128, 0.7142857313156128, 0.75, 0.7857142686843872, 0.8571428656578064, 0.8571428656578064, 0.8928571343421936, 0.8214285969734192, 0.7857142686843872, 0.75, 0.75, 0.75, 0.7857142686843872, 0.8214285969734192], "val_loss": [0.7262848019599915, 0.6812452077865601, 0.6530776023864746, 0.6212886571884155, 0.593322217464447, 0.5368479490280151, 0.505607545375824, 0.4865099787712097, 0.46224287152290344, 0.44209596514701843, 0.40310293436050415, 0.40856030583381653, 0.48902127146720886, 0.5302062630653381, 0.5342814922332764, 0.5395638346672058, 0.529983639717102, 0.519152820110321], "val_precision_12": [0.800000011920929, 1.0, 1.0, 1.0, 1.0, 1.0, 1.0, 1.0, 1.0, 1.0, 1.0, 0.9166666865348816, 1.0, 1.0, 1.0, 1.0, 1.0, 1.0], "val_recall_12": [0.2666666805744171, 0.3333333432674408, 0.3333333432674408, 0.4000000059604645, 0.46666666865348816, 0.46666666865348816, 0.5333333611488342, 0.6000000238418579, 0.7333333492279053, 0.7333333492279053, 0.800000011920929, 0.7333333492279053, 0.6000000238418579, 0.5333333611488342, 0.5333333611488342, 0.5333333611488342, 0.6000000238418579, 0.6666666865348816], "learning_rate": [0.0005000000237487257, 0.0005000000237487257, 0.0005000000237487257, 0.0005000000237487257, 0.0005000000237487257, 0.0005000000237487257, 0.0005000000237487257, 0.0005000000237487257, 0.0005000000237487257, 0.0005000000237487257, 0.0005000000237487257, 0.0005000000237487257, 0.0005000000237487257, 0.0005000000237487257, 0.0002500000118743628, 0.0002500000118743628, 0.0002500000118743628, 0.0001250000059371814]}