{"AUC": [0.6593548059463501, 0.7477419376373291, 0.8277419209480286, 0.8303226232528687, 0.8729032278060913, 0.8606451749801636, 0.885161280632019, 0.8748387098312378, 0.9412903189659119, 0.9612903594970703, 0.9238709807395935, 0.973548412322998, 0.962580680847168], "accuracy": [0.6071428656578064, 0.6607142686843872, 0.6964285969734192, 0.7142857313156128, 0.7857142686843872, 0.75, 0.8214285969734192, 0.8035714030265808, 0.875, 0.9107142686843872, 0.8392857313156128, 0.875, 0.9285714030265808], "loss": [0.33627647161483765, 0.2963746190071106, 0.24901346862316132, 0.25291919708251953, 0.22340020537376404, 0.22309385240077972, 0.20913632214069366, 0.21418477594852448, 0.1742015779018402, 0.13937883079051971, 0.17977534234523773, 0.12662750482559204, 0.11545723676681519], "precision_10": [0.6666666865348816, 0.7307692170143127, 0.7692307829856873, 0.7777777910232544, 0.8518518805503845, 0.8399999737739563, 0.8888888955116272, 0.8333333134651184, 0.9285714030265808, 0.9642857313156128, 0.84375, 0.9615384340286255, 0.9090909361839294], "recall_10": [0.5806451439857483, 0.6129032373428345, 0.6451612710952759, 0.6774193644523621, 0.7419354915618896, 0.6774193644523621, 0.774193525314331, 0.8064516186714172, 0.8387096524238586, 0.8709677457809448, 0.8709677457809448, 0.8064516186714172, 0.9677419066429138], "val_AUC": [0.6641025543212891, 0.764102578163147, 0.8256410360336304, 0.8666666746139526, 0.8871794939041138, 0.9128205180168152, 0.9076923131942749, 0.9153846502304077, 0.9307692050933838, 0.8923076391220093, 0.884615421295166, 0.8666666746139526, 0.8769230842590332], "val_accuracy": [0.6071428656578064, 0.6428571343421936, 0.7142857313156128, 0.8214285969734192, 0.7857142686843872, 0.8571428656578064, 0.8214285969734192, 0.8214285969734192, 0.8214285969734192, 0.7857142686843872, 0.7857142686843872, 0.7857142686843872, 0.7857142686843872], "val_loss": [0.6416241526603699, 0.5869829058647156, 0.5385436415672302, 0.485182523727417, 0.46384337544441223, 0.4512864649295807, 0.4378049969673157, 0.4313160479068756, 0.4108875095844269, 0.42375972867012024, 0.44244909286499023, 0.4665111005306244, 0.4621853232383728], "val_precision_10": [0.6428571343421936, 0.6666666865348816, 0.7692307829856873, 0.8125, 0.7647058963775635, 0.8666666746139526, 0.8125, 0.8125, 0.8125, 0.7647058963775635, 0.7647058963775635, 0.7647058963775635, 0.7647058963775635], "val_recall_10": [0.6000000238418579, 0.6666666865348816, 0.6666666865348816, 0.8666666746139526, 0.8666666746139526, 0.8666666746139526, 0.8666666746139526, 0.8666666746139526, 0.8666666746139526, 0.8666666746139526, 0.8666666746139526, 0.8666666746139526, 0.8666666746139526], "learning_rate": [0.0005000000237487257, 0.0005000000237487257, 0.0005000000237487257, 0.0005000000237487257, 0.0005000000237487257, 0.0005000000237487257, 0.0005000000237487257, 0.0005000000237487257, 0.0005000000237487257, 0.0005000000237487257, 0.0005000000237487257, 0.0005000000237487257, 0.0002500000118743628]}